Name,Project_Contract__c,Employee__c
PM-001,EXT_PROJ_001,EXT_EMP_001
PM-002,EXT_PROJ_001,EXT_EMP_002
PM-003,EXT_PROJ_001,EXT_EMP_003
PM-004,EXT_PROJ_002,EXT_EMP_004
PM-005,EXT_PROJ_002,EXT_EMP_005
PM-006,EXT_PROJ_003,EXT_EMP_006
PM-007,EXT_PROJ_003,EXT_EMP_007
PM-008,EXT_PROJ_004,EXT_EMP_008
PM-009,EXT_PROJ_004,EXT_EMP_009
PM-010,EXT_PROJ_005,EXT_EMP_010
PM-011,EXT_PROJ_006,EXT_EMP_011
PM-012,EXT_PROJ_007,EXT_EMP_012
PM-013,EXT_PROJ_008,EXT_EMP_013
PM-014,EXT_PROJ_009,EXT_EMP_014
PM-015,EXT_PROJ_010,EXT_EMP_015
PM-016,EXT_PROJ_011,EXT_EMP_016
PM-017,EXT_PROJ_012,EXT_EMP_017
PM-018,EXT_PROJ_013,EXT_EMP_018
PM-019,EXT_PROJ_014,EXT_EMP_019
PM-020,EXT_PROJ_015,EXT_EMP_020
